fund_key,nome_padronizado,cnpj,ticker,tipo_pagina,categoria_padronizada,categoria_bruta,publico_alvo,taxa_administracao_pct,taxa_performance_pct,aplicacao_minima_bruta,cotizacao_resgate_bruta,benchmark,gestor,administrador,custodiante,auditor,data_inicio,risco_pontuacao_xp,dividend_yield,valor_patrimonial_bruto,quantidade_cotistas_bruto,url,source,access_timestamp,extraction_method,status_confirmacao,objetivo,rating_morningstar,volatilidade_atual,drawdown_atual,rentabilidade__no_ano,rentabilidade__12_meses,rentabilidade__24_meses,rentabilidade__36_meses,rentabilidade__desde_o_início,volatilidade__no_ano,volatilidade__12_meses,volatilidade__24_meses,volatilidade__36_meses,volatilidade__desde_o_início,índice_de_sharpe__no_ano,índice_de_sharpe__12_meses,índice_de_sharpe__24_meses,índice_de_sharpe__36_meses,índice_de_sharpe__desde_o_início,rentab_fundo__dia,rentab_fundo__semana,rentab_fundo__mês,rentab_fundo__3_meses,rentab_fundo__6_meses,rentab_fundo__no_ano,benchmark_retorno,rentab_benchmark__dia,rentab_benchmark__semana,rentab_benchmark__mês,rentab_benchmark__3_meses,rentab_benchmark__6_meses,rentab_benchmark__no_ano,status_pl,patrimonio_liquido_cvm,fonte_pl,classe_anbima_cvm,n_concorrentes_com_pl,percentil_pl,pl_sobre_mediana_universo
CNPJ:21.624.757/0001-26,Kinea Chronos FIM RL - Subclasse I,21.624.757/0001-26,,fundo_aberto,Multimercado - Macro,Macro Média Vol,Investidor em Geral,1.5,20.0,R$ 500,D+0,CDI,Kinea Investimentos,Intrag DTVM,Itaú,E&Y,05/06/2015,13.0,,,,https://conteudos.xpi.com.br/fundos-de-investimento/kinea-chronos-fim/,conteudos.xpi.com.br,2026-08-30T19:06:08.190694+00:00,curl_cffi_notebook_local,ficha_coletada,"Aplicar seus recursos em ativos financeiros de diferentes naturezas e características, definindo as estratégias de investimento com base em cenários macro e micro econômicos, sem compromisso de concentração em nenhum ativo ou fator de risco em especial",★★★,"3,04%","-0,02%","7,40%","14,36%","28,06 %","41,20 %","169,86%","3,35%","3,04%","2,65%","2,53%","3,23%","-2,64","-0,61","-0,55","-0,66","0,39",,,,,,,,,,,,,,encontrado,85858346.33,"CVM registro_classe.csv (RCVM175, fundos adaptados)",Multimercados Macro,630,63.2,1.95
CNPJ:16.706.958/0001-32,Kinea Rendimentos Imobiliarios FII (KNCR11),16.706.958/0001-32,KNCR11,fii,Fundo Imobiliário (FII),Títulos e Valores Mobiliários,Não Há Restrição,1.0,,,,,,,,,,,"13,33 %",R$ 7.8 bi,444.4 mil,https://conteudos.xpi.com.br/fundos-imobiliarios/kinea-rendimentos-imobiliarios-fii-kncr11/,conteudos.xpi.com.br,2026-08-30T19:06:08.211472+00:00,curl_cffi_notebook_local,ficha_coletada,,,,,,,,,,,,,,,,,,,,"0,23%","-0,04%","-0,42%","1,21%","0,94%","1,90%",IBOV,0%,"1,08%","-2,76%","4,89%","9,67%","18,22%",encontrado,10978689824.66,"CVM inf_mensal_fii_geral (Segmento_Atuacao) + inf_mensal_fii_complemento (Patrimonio_Liquido, Percentual_Despesas_Taxa_Administracao)",FII - Multicategoria,647,100.0,126.39
CNPJ:29.762.315/0001-58,Kinea Atlas II FIM RL - Subclasse I,29.762.315/0001-58,,fundo_aberto,Multimercado - Macro,Macro Alta Vol,Investidor em Geral,2.0,20.0,R$ 500,D+10,CDI,Kinea Investimentos,Intrag DTVM,Itaú,E&Y,29/12/2016,13.0,,,,https://conteudos.xpi.com.br/fundos-de-investimento/kinea-atlas-ii-fim/,conteudos.xpi.com.br,2026-08-30T19:06:08.238805+00:00,curl_cffi_notebook_local,ficha_coletada,"Aplicar seus recursos em ativos financeiros de diferentes naturezas e características, definindo as estratégias de investimento com base em cenários macro e micro econômicos, sem compromisso de concentração em nenhum ativo ou fator de risco em especial.",★★★★,"4,82%","-0,09%","6,21%","15,17%","29,10 %","43,82 %","96,02%","5,29%","4,82%","4,35%","4,18%","4,87%","-1,30","-0,22","-0,09","-0,27","0,35",,,,,,,,,,,,,,encontrado,64238335.24,"CVM registro_classe.csv (RCVM175, fundos adaptados)",Multimercados Macro,630,57.8,1.46
CNPJ:32.990.051/0001-02,Kinea Oportunidade FIF RF CP RL - Subclasse I,32.990.051/0001-02,,fundo_aberto,Renda Fixa,Crédito High Grade,Investidor Qualificado,0.8,0.0,R$ 500,D+90,CDI,Kinea Investimentos,Intrag DTVM,Itaú,PWC,14/04/2020,11.0,,,,https://conteudos.xpi.com.br/fundos-de-investimento/kinea-oportunidade-firf-cp/,conteudos.xpi.com.br,2026-08-30T19:06:08.261221+00:00,curl_cffi_notebook_local,ficha_coletada,"O objetivo do FUNDO é aplicar, no mínimo, 80%  de seus recursos em ativos financeiros de renda fixa
relacionados diretamente, ou sintetizados via derivativos, ao fator de risco que dá nome à classe, observado que a
rentabilidade do FUNDO será impactada pelos custos e despesas do FUNDO, inclusive taxa de administração",,"0,30%",0%,"9,15%","14,93%","30,83 %","49,13 %","85,77%","0,17%","0,30%","0,28%","0,30%","0,70%","11,62","4,09","6,97","5,52","4,41",,,,,,,,,,,,,,encontrado,538088757.53,"CVM registro_classe.csv (RCVM175, fundos adaptados)",Renda Fixa Duração Livre Crédito Livre,2817,88.3,10.55
CNPJ:35.372.771/0001-94,Kinea Gama FIF CIC em Acoes RL - Subclasse I,35.372.771/0001-94,,fundo_aberto,Ações,Renda Variável Long Only,Investidor em Geral,2.0,20.0,R$ 500,D+15,IBOVESPA,Kinea Investimentos,Intrag DTVM,Itaú,Deloitte,20/12/2019,26.0,,,,https://conteudos.xpi.com.br/fundos-de-investimento/kinea-gama-fic-fia/,conteudos.xpi.com.br,2026-08-30T19:06:08.282511+00:00,curl_cffi_notebook_local,ficha_coletada,Proporcionar retorno por meio da aplicação em outros fundos de investimento que alocam em ações de companhias abertas com potencial de valorização e perspectiva de retorno em longo prazo,,"15,03%","-2,56%","-2,51%","15,49%","20,19 %","41,04 %","77,46%","17,51%","15,03%","14,82%","17,18%","24,79%","2,31","0,40","0,29","-0,04","0,21",,,,,,,,,,,,,,encontrado,108360.31,"CVM registro_classe.csv (RCVM175, fundos adaptados)",Ações Livre,1853,0.6,0.0
CNPJ:39.586.858/0001-15,Kinea IPCA Dinamico II FIF RF RL - Subclasse II,39.586.858/0001-15,,fundo_aberto,Renda Fixa,Renda Fixa Ativo,Investidor em Geral,0.66,0.0,R$ 500,D+0,IPCA,Kinea Investimentos,Intrag DTVM,Itaú,PWC,23/12/2020,11.0,,,,https://conteudos.xpi.com.br/fundos-de-investimento/kinea-ipca-dinamico-ii-advisory-fic-firf/,conteudos.xpi.com.br,2026-08-30T19:06:08.304183+00:00,curl_cffi_notebook_local,ficha_coletada,O Kinea IPCA Dinâmico é um fundo de renda fixa de perfil de risco moderado indexado à inflação que busca as melhores soluções nos mercados de renda fixa e moedas no Brasil e exterior.,,"2,74%","-0,28%","8,95%","13,66%","24,18 %","35,51 %","62,75%","2,48%","2,74%","2,48%","2,62%","3,10%","-1,95","-0,93","-0,18","0,09","0,50",,,,,,,,,,,,,,encontrado,70341518.17,"CVM registro_classe.csv (RCVM175, fundos adaptados)",Renda Fixa Duração Livre Crédito Livre,2817,57.5,1.38
CNPJ:43.636.203/0001-81,Kinea Alpes Prev XP Seg RF CP FICFI,43.636.203/0001-81,,previdencia,Multimercado,Multimercado,,1.0,,R$ 100,,CDI,,,,,,3.0,,,,https://conteudos.xpi.com.br/previdencia-privada/kinea-alpes-prev-xp-seg-rf-cp-ficfi/,conteudos.xpi.com.br,2026-08-30T19:06:08.343345+00:00,curl_cffi_notebook_local,ficha_coletada,,,"0,23%",,"8,35 %","13,83 %",-,-,"61,59%","0,23%","0,39%","0,33%","0,33%","0,38%","5,54","0,60","2,51","3,06","2,31",,,,,,,,,,,,,,encontrado,6453378734.47,"CVM registro_classe.csv (RCVM175, fundos adaptados)",Previdência Multimercado Livre,2428,99.5,154.46
CNPJ:12.005.956/0001-65,Kinea Renda Imobiliaria FII (KNRI11),12.005.956/0001-65,KNRI11,fii,Fundo Imobiliário (FII),Híbrido,Não Há Restrição,1.25,,,,,,,,,,,"8,37 %",R$ 4.6 bi,299.9 mil,https://conteudos.xpi.com.br/fundos-imobiliarios/kinea-renda-imobiliaria-fii-knri11/,conteudos.xpi.com.br,2026-08-30T19:06:08.360211+00:00,curl_cffi_notebook_local,ficha_coletada,,,,,,,,,,,,,,,,,,,,"-0,27%","-0,10%","-1,62%","0,42%","2,31%","6,35%",IBOV,0%,"1,08%","-2,76%","4,89%","9,67%","18,22%",encontrado,4608084808.54,"CVM inf_mensal_fii_geral (Segmento_Atuacao) + inf_mensal_fii_complemento (Patrimonio_Liquido, Percentual_Despesas_Taxa_Administracao)",FII - Multicategoria,647,99.2,53.05
CNPJ:24.960.430/0001-13,Kinea Indices de Precos FII (KNIP11),24.960.430/0001-13,KNIP11,fii,Fundo Imobiliário (FII),Títulos e Valores Mobiliários,Não Há Restrição,1.0,,,,,,,,,,,"11,38 %",R$ 7.3 bi,72.2 mil,https://conteudos.xpi.com.br/fundos-imobiliarios/kinea-indices-de-precos-fii-knip11/,conteudos.xpi.com.br,2026-08-30T19:06:08.376145+00:00,curl_cffi_notebook_local,ficha_coletada,,,,,,,,,,,,,,,,,,,,"-0,61%","-0,34%","-0,17%","-0,99%","-2,72%","-2,96%",IBOV,0%,"1,08%","-2,76%","4,89%","9,67%","18,22%",encontrado,7435551675.84,"CVM inf_mensal_fii_geral (Segmento_Atuacao) + inf_mensal_fii_complemento (Patrimonio_Liquido, Percentual_Despesas_Taxa_Administracao)",FII - Multicategoria,647,99.7,85.6
CNPJ:26.324.298/0001-89,Kinea Infra FII (KDIF11),26.324.298/0001-89,KDIF11,fii,Renda Fixa,Outros,,1.05,,,,,,,,,,,"14,08 %",,,https://conteudos.xpi.com.br/fundos-imobiliarios/kinea-infra-kdif11/,conteudos.xpi.com.br,2026-08-30T19:06:08.390364+00:00,curl_cffi_notebook_local,ficha_coletada,,,,,,,,,,,,,,,,,,,,0%,0%,0%,0%,0%,0%,IBOV,0%,0%,0%,0%,0%,0%,encontrado,2787519980.59,"CVM registro_classe.csv (RCVM175, fundos adaptados)",Renda Fixa Duração Livre Crédito Livre,2817,97.2,54.66
CNPJ:30.091.444/0001-40,Kinea Fundo de Fundos Imobiliarios FII (KFOF11),30.091.444/0001-40,KFOF11,fii,Fundo Imobiliário (FII),Títulos e Valores Mobiliários,Não Há Restrição,0.92,,,,,,,,,,,"12,83 %",R$ 633 mi,29.7 mil,https://conteudos.xpi.com.br/fundos-imobiliarios/kinea-fundo-de-fundos-imobiliarios-fii-kfof11/,conteudos.xpi.com.br,2026-08-30T19:06:08.406856+00:00,curl_cffi_notebook_local,ficha_coletada,,,,,,,,,,,,,,,,,,,,"-0,62%","0,78%","-0,50%","-1,21%","2,62%","11,82%",IBOV,0%,"1,08%","-2,76%","4,89%","9,67%","18,22%",encontrado,619645324.57,"CVM inf_mensal_fii_geral (Segmento_Atuacao) + inf_mensal_fii_complemento (Patrimonio_Liquido, Percentual_Despesas_Taxa_Administracao)",FII - Multicategoria,647,88.1,7.13
CNPJ:41.745.701/0001-37,Kinea Credito Agro FIAGRO FII (KNCA11),41.745.701/0001-37,KNCA11,fii,Fundo Imobiliário (FII),Títulos e Valores Mobiliários,,1.0,,,,,,,,,,,"14,82 %",,,https://conteudos.xpi.com.br/fundos-imobiliarios/kinea-credito-agro-fiagro-fii-knca11/,conteudos.xpi.com.br,2026-08-30T19:06:08.422239+00:00,curl_cffi_notebook_local,ficha_coletada,,,,,,,,,,,,,,,,,,,,0%,0%,0%,0%,0%,0%,IBOV,0%,0%,0%,0%,0%,0%,encontrado,2153172096.87,CVM inf_mensal_fiagro (Classificacao_Autorregulada),FIAGRO,5,100.0,4.62
CNPJ:30.130.708/0001-28,Kinea High Yield CRI FII (KNHY11),30.130.708/0001-28,KNHY11,fii,Fundo Imobiliário (FII),Títulos e Valores Mobiliários,Não Há Restrição,1.6,,,,,,,,,,,"13,75 %",R$ 3 bi,26 mil,https://conteudos.xpi.com.br/fundos-imobiliarios/kinea-high-yield-cri-fii-knhy11/,conteudos.xpi.com.br,2026-08-30T19:06:08.437730+00:00,curl_cffi_notebook_local,ficha_coletada,,,,,,,,,,,,,,,,,,,,"-0,45%","-0,16%","-1,55%","-1,57%","-1,08%","-1,90%",IBOV,0%,"1,08%","-2,76%","4,89%","9,67%","18,22%",encontrado,3059927885.92,"CVM inf_mensal_fii_geral (Segmento_Atuacao) + inf_mensal_fii_complemento (Patrimonio_Liquido, Percentual_Despesas_Taxa_Administracao)",FII - Multicategoria,647,98.8,35.23
CNPJ:41.993.797/0001-52,Kinea Andes FIF CIC RF CP LP RL,41.993.797/0001-52,,fundo_aberto,Renda Fixa,Crédito Liquidez,Investidor em Geral,0.7,20.0,R$ 500,D+0,CDI,Kinea Investimentos,Intrag DTVM,Itaú,E&Y,21/09/2021,11.0,,,,https://conteudos.xpi.com.br/fundos-de-investimento/kinea-andes-rf-cp-ficfi-lp/,conteudos.xpi.com.br,2026-08-30T19:06:08.460009+00:00,curl_cffi_notebook_local,ficha_coletada,"Com uma seleção de ativos de crédito de alta qualidade, o Kinea Andes Renda Fixa Crédito Privado é um fundo que tem como objetivo trazer retornos acima do CDI.

Selecionando transações de rendimentos atraentes e que passem por nossas análises criteriosas de risco, o fundo investe em ativos de crédito privado de grandes empresas locais e do exterior, arbitrando entre estes dois mercados ao longo do tempo de acordo com suas atratividades relativas para gerar ganhos acima do CDI.

Além de investir nos instrumentos tradicionais de crédito local brasileiros , o fundo também terá exposição a títulos de dívida corporativa no mercado offshore, que pagam juros em Dólares e são transformados, através de instrumentos tradicionais de hedge, em rendimentos indexados ao CDI e sem risco cambial, aumentando o retorno médio possível em comparação a uma carteira de créditos negociados puramente no mercado local brasileiro.",,"0,32%","-0,01%","8,78%","14,45%","29,68 %","46,84 %","54,88%","0,27%","0,32%","0,28%","0,40%","0,39%","8,35","1,74","5,00","3,12","3,33",,,,,,,,,,,,,,encontrado,1243446423.36,"CVM registro_classe.csv (RCVM175, fundos adaptados)",Renda Fixa Duração Livre Crédito Livre,2817,94.2,24.38
CNPJ:34.687.633/0001-31,Kinea Apolo FIF MM RL,34.687.633/0001-31,,fundo_aberto,Multimercado - Macro,Macro Baixa Vol,Investidor em Geral,0.8,25.0,R$ 500,D+0,CDI,Kinea Investimentos,Intrag DTVM,Itaú,PWC,29/11/2019,13.0,,,,https://conteudos.xpi.com.br/fundos-de-investimento/kinea-apolo-fic-fim/,conteudos.xpi.com.br,2026-08-30T19:06:08.482120+00:00,curl_cffi_notebook_local,ficha_coletada,"Superar o CDI em linha com um perfil de menor risco, uma volatilidade anual ao redor de 1,5% ao ano.
Trazer consistência de longo prazo através da diversificação de investimentos em diferentes mercados e estilos no Brasil e no exterior, reduzindo a exposição do fundo a riscos específicos.",,"0,99%","-0,09%","8,23%","14,57%","28,89 %","43,57 %","64,42%","1,11%","0,99%","0,89%","0,87%","1,23%","-1,49","-0,08","0,59","0,38","0,58",,,,,,,,,,,,,,encontrado,52003184.37,"CVM registro_classe.csv (RCVM175, fundos adaptados)",Multimercados Macro,630,53.0,1.18
CNPJ:47.212.331/0001-59,Kinea Dakar FIF CIC RF LP RL,47.212.331/0001-59,,fundo_aberto,Renda Fixa,Renda Fixa Ativo,Investidor em Geral,0.9,20.0,R$ 500,D+0,CDI,Kinea Investimentos,Intrag DTVM,Itaú,PWC,30/09/2022,11.0,,,,https://conteudos.xpi.com.br/fundos-de-investimento/kinea-dakar-rf-fic-fi-lp/,conteudos.xpi.com.br,2026-08-30T19:06:08.525203+00:00,curl_cffi_notebook_local,ficha_coletada,"O objetivo do FUNDO é aplicar seus recursos em cotas de fundos de investimento classificados como “Renda Fixa”,
observado que a rentabilidade do FUNDO será impactada pelos custos e despesas do FUNDO, inclusive taxa de
administração.",,"2,24%","-0,13%","7,70%","13,17%","26,58 %","39,05 %","34,98%","1,79%","2,24%","2,11%",-,"2,10%","-1,89","-0,65","-0,03",-,"0,14",,,,,,,,,,,,,,encontrado,33788017.75,"CVM registro_classe.csv (RCVM175, fundos adaptados)",Renda Fixa Duração Livre Crédito Livre,2817,38.2,0.66
CNPJ:53.075.427/0001-15,Kinea Incentivado RF CP LP FIF,53.075.427/0001-15,,fundo_aberto,Renda Fixa,Debêntures Incentivadas Hedgeado,Investidor em Geral,0.7,20.0,R$ 500,D+22,CDI,Kinea Investimentos,Intrag DTVM,Banco Itaú,E&Y,11/07/2025,11.0,,,,https://conteudos.xpi.com.br/fundos-de-investimento/kinea-incentivado-rf-cp-lp-fif-fundo-incentivado-em-debentur/,conteudos.xpi.com.br,2026-08-30T19:06:08.543888+00:00,curl_cffi_notebook_local,ficha_coletada,"O objetivo da CLASSE é aplicar seus recursos preponderantemente em debêntures de infraestrutura que atendam aos
requisitos de isenção estabelecidos na Lei nº 12.431, de 24 de junho de 2011 (“Debêntures Incentivadas de Infraestrutura”
e “Lei nº 12.431/2011”, respectivamente), conforme alterada, não podendo ser inferior a 85%  do
valor de referência da CLASSE, conforme escalonamento descrito no item 3.4 abaixo, bem como, com relação aos valores
remanescentes em seu patrimônio líquido, nos demais ativos financeiros previstos neste regulamento (“Regulamento”), a
critério do GESTOR e independentemente de deliberação em assembleia geral de Cotistas (“Política de Investimento”).",,"1,31%","-0,07%","6,40%","11,31%",N/D,N/D,"17,22%","0,96%","1,31%",-,-,"1,23%","-0,47","0,85",-,-,"0,50",,,,,,,,,,,,,,encontrado,274310812.19,"CVM registro_classe.csv (RCVM175, fundos adaptados)",Renda Fixa Duração Livre Crédito Livre,2817,81.1,5.38
