nome_referencia,url,tipo_pagina,source,access_timestamp,extraction_method,http_status,titulo_pagina,erro,administrador,aplicacao_minima,auditor,benchmark,classificacao_cvm,classificacao_xp,cnpj,cotas_emitidas,cotizacao_aplicacao,cotizacao_resgate,custodiante,data_inicio,dividend_yield,gestor,liquidacao_resgate,movimentacao_minima,objetivo,participacao_ifix,politica_gestao,publico_alvo,quantidade_cotistas,rating_morningstar,rent_cdi_3m,rent_cdi_6m,rent_cdi_dia,rent_cdi_mes,rent_cdi_no_ano,rent_cdi_semana,rent_fundo_3m,rent_fundo_6m,rent_fundo_dia,rent_fundo_mes,rent_fundo_no_ano,rent_fundo_semana,rent_ibov_3m,rent_ibov_6m,rent_ibov_dia,rent_ibov_mes,rent_ibov_no_ano,rent_ibov_semana,risco_pontuacao_xp,rr_rentabilidade_12m,rr_rentabilidade_24m,rr_rentabilidade_36m,rr_rentabilidade_desde_inicio,rr_rentabilidade_no_ano,rr_sharpe_12m,rr_sharpe_24m,rr_sharpe_36m,rr_sharpe_desde_inicio,rr_sharpe_no_ano,rr_volatilidade_12m,rr_volatilidade_24m,rr_volatilidade_36m,rr_volatilidade_desde_inicio,rr_volatilidade_no_ano,saldo_minimo_permanencia,segmento,taxa_administracao,taxa_administracao_maxima,taxa_performance,tributacao,ultimo_dividendo,valor_patrimonial
SPX Seahawk Icatu Previdencia FICFIM Multimercado Credito Privado,https://conteudos.xpi.com.br/previdencia-privada/spx-seahawk-icatu-previdencia-ficfi-multimercado-credito-privado/,previdencia,conteudos.xpi.com.br (Expert XP),2026-08-30T19:40:48.912041+00:00,requests_bs4_local,200,Resumo - Spx Seahawk Icatu Previdência Ficfi Multimercado Crédito Privado - Previdência Privada - XP Investimentos,,,R$ 500,,,Multimercado,,42.014.145/0001-91,,,,,,,,D+1,,,,,,,,,,,,,,,,,,,,,,,,,,8,"15,56 %",,,"51,92%","14,14 %","-0,11","1,61","0,09","-0,13","0,29","1,79%","1,70%","2,07%","2,03%","1,78%",,,"0,80 %",,,"Tabela progressiva: IR de 15% na fonte com reajuste na declaração anual de imposto de renda pessoa física conforme tabela, podendo variar de 0%  a 27,5% (pagamento de até 12,5% além do retido na fonte). Tabela regressiva: IR de 35% no primeiro ano, reduzindo 5% a cada dois anos e chegando a 10% após dez anos, respeitando a regra do primeiro que entra primeiro que sai.",,
Ibiuna ST Prev Icatu FIM Multimercado Credito Privado,https://conteudos.xpi.com.br/previdencia-privada/ibiuna-st-prev-icatu-fundo-de-investimento-multimercado-credito-privado/,previdencia,conteudos.xpi.com.br (Expert XP),2026-08-30T19:40:52.122809+00:00,requests_bs4_local,200,Resumo - IBIUNA ST PREV ICATU FUNDO DE INVESTIMENTO MULTIMERCADO CRÉDITO PRIVADO - Previdência Privada - XP Investimentos,,,R$ 500,,,Multimercado,,45.511.041/0001-80,,,,,,,,D+1,,,,,,,,,,,,,,,,,,,,,,,,,,14,"6,29 %",,,"18,99%","2,65 %","-0,18","-0,57","-1,17","-1,17","-0,97","4,48%","4,42%","4,89%","4,89%","4,06%",,,"2,00 %",,,"Tabela progressiva: IR de 15% na fonte com reajuste na declaração anual de imposto de renda pessoa física conforme tabela, podendo variar de 0%  a 27,5% (pagamento de até 12,5% além do retido na fonte). Tabela regressiva: IR de 35% no primeiro ano, reduzindo 5% a cada dois anos e chegando a 10% após dez anos, respeitando a regra do primeiro que entra primeiro que sai.",,
Itau Sinfonia XP Seg Prev FIC Multimercado Credito Privado,https://conteudos.xpi.com.br/previdencia-privada/itau-sinfonia-xp-seg-prev-fundo-de-investimento-em-cotas-multimercado-credito-privado-responsabilidade-limitada/,previdencia,conteudos.xpi.com.br (Expert XP),2026-08-30T19:40:55.404062+00:00,requests_bs4_local,200,Resumo - Itaú Sinfonia Xp Seg Prev Ficfim Cp Rl - Previdência Privada - XP Investimentos,,,R$ 100,,CDI,Renda Fixa,,47.020.727/0001-02,,,,,,,,D+1,,,,,,,,,,,,,,,,,,,,,,,,,,3,"14,09 %",,,"17,89%","8,85 %","1,54",,,"2,23","3,70","0,30%",,,"0,28%","0,25%",,,"0,64 %",,,"Tabela progressiva: IR de 15% na fonte com reajuste na declaração anual de imposto de renda pessoa física conforme tabela, podendo variar de 0%  a 27,5% (pagamento de até 12,5% além do retido na fonte). Tabela regressiva: IR de 35% no primeiro ano, reduzindo 5% a cada dois anos e chegando a 10% após dez anos, respeitando a regra do primeiro que entra primeiro que sai.",,
Sparta Debentures Incentivadas FIC FI-Infra RF,https://conteudos.xpi.com.br/fundos-de-investimento/sparta-debentures-incentivadas-firf-cp/,fundo_aberto,conteudos.xpi.com.br (Expert XP),2026-08-30T19:40:58.449874+00:00,requests_bs4_local,200,Sparta Debêntures Incentivadas FIC FIF-Infra RF RL: Cotação e Indicadores | Expert XP,,BNY Mellon DTVM,R$ 1 mil,KPMG,CDI,Renda Fixa Pós-Fixado,Debêntures Incentivadas Hedgeado,26.759.909/0001-11,,D+1,D+30,BNY Mellon,30/06/2017,,Sparta Investimentos,D+1,R$ 100,100% do CDI isento,,Fundo Isento de IR que investe em ativos de renda fixa e cotas de fundos de investimento de renda fixa. A maior parte do patrimônio é aplicada em debêntures de infraestrutura e outros ativos previstos na Lei 12.431,Investidor em Geral,,★★,,,,,,,,,,,,,,,,,,,11,"11,81%","27,18 %","45,40 %","120,81%","6,72%","1,11","1,59","1,33","1,16","2,20","1,32%","1,43%","1,47%","1,21%","1,29%",R$ 100,,"0,80 %","0,85 %","0,00 %",Debêntures Incentivadas - Isento de IR para pessoa física.,,
Itau Debentures Incentivadas FIF CIC em Infra,https://conteudos.xpi.com.br/fundos-de-investimento/itau-debentures-incentivadas-fc-incentivado-investimento-inf/,fundo_aberto,conteudos.xpi.com.br (Expert XP),2026-08-30T19:41:01.680653+00:00,requests_bs4_local,200,Itaú Debêntures Incentivadas FIF CIC em Infra RF CP RL: Cotação e Indicadores | Expert XP,,Intrag DTVM,R$ 500,Deloitte,IMA-B,Renda Fixa Pré-Fixado/Inflação,Debêntures Incentivadas Não Hedgeado,45.512.169/0001-69,,D+0,D+21,Itaú,27/09/2022,,Itaú Unibanco Asset,D+1,R$ 500,Retorno acima das Bs de referência da duration proxima ao IMA-B com risco de crédito,,"O objetivo do FUNDO é aplicar, no mínimo, 95%  de seu patrimônio líquido em cotas de fundos de investimento e classificados como “Renda Fixa” que invistam preponderantemente em debêntures e outros ativos de infraestrutura que atendam aos requisitos de isenção estabelecidos na Lei nº 12.431, de 24 de junho de 2011 (“Ativos de Infraestrutura” e “Lei nº 12.431/2011”, respectivamente), conforme alterada não podendo ser inferior a 85% (oitenta e cinco por cento) do valor de referência do Fundo Investido.",Investidor em Geral,,,,,,,,,,,,,,,,,,,,,11,"7,85%","13,26 %","21,84 %","30,55%","4,69%","-0,70","-0,57","-0,51","-0,56","0,49","6,01%","5,34%","5,37%","5,35%","4,82%",R$ 500,,"0,85 %","0,95 %","0,00 %",Debêntures Incentivadas,,
SulAmerica Infra FI Infra RF,https://conteudos.xpi.com.br/fundos-de-investimento/sulamerica-debentures-incentivadas-fim-cp/,fundo_aberto,conteudos.xpi.com.br (Expert XP),2026-08-30T19:41:06.123742+00:00,requests_bs4_local,200,SulAmérica INFRA FI INFRA RF: Cotação e Indicadores | Expert XP,,SulAmérica DTVM,R$ 1 mil,Deloitte,IMA-B 5,Renda Fixa Pré-Fixado/Inflação,Debêntures Incentivadas Não Hedgeado,22.759.995/0001-01,,D+0,D+45,Bradesco,10/05/2017,,SulAmérica Investimentos,D+1,R$ 1 mil,"O objetivo do Fundo é acompanhar, a médio/longo prazo, a variação do IMA-B5.",,"O Fundo aplicará seus recursos preponderantemente em debêntures de infraestrutura elegíveis na Lei 12.431/2011  e ainda em: I) Até 100% em Títulos Públicos de emissão do Tesouro Nacional e do Banco Central do Brasil e/ou operações compromissadas nesses títulos; II) Até 100% em Títulos de emissão ou coobrigação de Instituição Financeira; III) Até 100% em valores mobiliários objetos de oferta pública na CVM; e até 20% em cota de fundos, FIDC e/ou CRI.",Investidor em Geral,,★★★,,,,,,,,,,,,,,,,,,,11,"9,53%","18,88 %","29,73 %","114,44%","5,10%","-0,69","-0,59","-0,72","0,24","0,48","3,11%","2,78%","2,88%","3,75%","2,60%",R$ 1 mil,,"0,80 %","0,80 %","0,00 %",Debêntures Incentivadas - Isento de IR para pessoa física.,,
Devant Recebiveis Imobiliarios FII (DEVA11),https://conteudos.xpi.com.br/fundos-imobiliarios/devant-recebiveis-imobiliarios-fii-deva11/,fii,conteudos.xpi.com.br (Expert XP),2026-08-30T19:41:09.538076+00:00,requests_bs4_local,200,DEVANT RECEBÍVEIS IMOBILIÁRIOS FII - DEVA11: Dividendos e Cotação | Expert XP,,,,,,,,,14 mi,,,,,"22,61 %",,,,,"0,25%",,Não Há Restrição,84.1 mil,,"3,64%","7,13%",0%,"0,66%","11,09%","0,22%","-24,44%","-14,08%","-0,11%","-3,72%","-13,40%","-1,17%","4,89%","9,67%",0%,"-2,76%","18,22%","1,08%",,,,,,,,,,,,,,,,,,Títulos e Valores Mobiliários,"1,00 %",,,,"R$ 0,30",R$ 1.4 bi
Valora CRI Indice de Preco FII (VGIP11),https://conteudos.xpi.com.br/fundos-imobiliarios/valora-cri-indice-de-preco-fii-vgip11/,fii,conteudos.xpi.com.br (Expert XP),2026-08-30T19:41:12.670979+00:00,requests_bs4_local,200,VALORA CRI ÍNDICE DE PREÇO FII - VGIP11: Dividendos e Cotação | Expert XP,,,,,,,,,11.8 mi,,,,,"13,69 %",,,,,"0,65%",,Não Há Restrição,84.3 mil,,"3,64%","7,13%",0%,"0,66%","11,09%","0,22%","-6,31%","-1,96%","-0,34%","-2,77%","-1,36%","-1,95%","4,89%","9,67%",0%,"-2,76%","18,22%","1,08%",,,,,,,,,,,,,,,,,,Títulos e Valores Mobiliários,"1,00 %",,,,"R$ 1,06",R$ 1 bi
Sparta Top FIC FI RF Credito Privado Longo Prazo,https://conteudos.xpi.com.br/fundos-de-investimento/sparta-top-fic-fi-rf-credito-privado-longo-prazo/,fundo_aberto,conteudos.xpi.com.br (Expert XP),2026-08-30T19:41:15.948032+00:00,requests_bs4_local,200,Sparta Top FIC FIF RF CP LP - Resp Limitada: Cotação e Indicadores | Expert XP,,BNY Mellon DTVM,R$ 1 mil,KPMG,CDI,Renda Fixa Pós-Fixado,Crédito High Grade,14.188.162/0001-00,,D+0,D+30,BNY Mellon,07/02/2012,,Sparta Investimentos,D+1,R$ 100,Buscar retorno de renda fixa consistentes acima do CDI.,,"O fundo aplica no mínimo 95% de seus recursos em cotas do fundo Sparta Top Renda Fixa Master CP FI LP, cuja política de investimento consiste em investir seus recursos em títulos públicos, títulos privados, cotas de fundos de investimentos relacionados a taxas de juros pré-fixadas, pós-fixadas ou índices de preços, com o objetivo de obter retornos acima do CDI.",Investidor em Geral,,★★★★,,,,,,,,,,,,,,,,,,,6,"14,33%","29,40 %","47,21 %","281,47%","9,24%","-0,76","2,75","0,49","1,21","0,11","0,40%","0,35%","0,70%","0,61%","0,39%",R$ 100,,"0,30 %","0,75 %","20,00 %","Longo Prazo - Alíquota regressiva de IR de 22,5% a 15,0% incidida sobre o lucro obtido no momento do resgate.",,
JGP Corporate FIC FIF RF CP LP Feeder III,https://conteudos.xpi.com.br/fundos-de-investimento/jgp-corporate-fic-firf-cp-lp-feeder-iii/,fundo_aberto,conteudos.xpi.com.br (Expert XP),2026-08-30T19:41:19.195930+00:00,requests_bs4_local,200,JGP Corporate FIC de FIF RF CP LP FEEDER II RL: Cotação e Indicadores | Expert XP,,BNY Mellon DTVM,R$ 1 mil,KPMG,CDI,Renda Fixa Pós-Fixado,Crédito High Grade,23.956.069/0001-99,,D+0,D+45,BNY Mellon,14/06/2016,,LETO ASSET MANAGEMENT LTDA,D+1,R$ 1 mil,"O Fundo Master, por sua vez, tem como objetivo obter ganhos de capital através da aplicação de, no mínimo, 80%  dos seus recursos em ativos relacionados diretamente, ou sintetizados via derivativos, à variação da taxa de juros doméstica. O Fundo Master realizará, investimentos, preferencialmente, em títulos de dívida privada, tais como debêntures, letras financeiras, entre outros. E poderá se utilizar, entre outros, de mecanismos de hedge, operações de arbitragem e estratégias ativas com derivativos para alcançar seus objetivos. A exposição do Fundo Master dependerá, entre outros fatores, da liquidez e volatilidade dos mercados em que estiver atuando.",,"O FUNDO busca proporcionar aos cotistas a valorização de suas cotas através da aplicação de, no mínimo, 95%  dos seus recursos em cotas do JGP CORPORATE MASTER FUNDO DE INVESTIMENTO RENDA FIXA CRÉDITO PRIVADO LONGO PRAZO, inscrito no CNPJ sob o nº 20.833.920/0001-06 (“Fundo Master”), administrado pelo ADMINISTRADOR e gerido pela GESTORA.",Investidor em Geral,,,,,,,,,,,,,,,,,,,,,11,"15,20%","30,23 %","49,03 %","144,84%","9,93%","-0,64","2,07","1,25","1,09","-0,72","0,65%","0,52%","0,53%","0,91%","0,67%",R$ 1 mil,,"0,60 %","1,95 %","20,00 %","Longo Prazo - Alíquota regressiva de IR de 22,5% a 15,0% incidida sobre o lucro obtido no momento do resgate.",,
SPX Nimitz Feeder FIC de FIM,https://conteudos.xpi.com.br/fundos-de-investimento/spx-nimitz-feeder-fic-de-fim/,fundo_aberto,conteudos.xpi.com.br (Expert XP),2026-08-30T19:41:22.495380+00:00,requests_bs4_local,200,SPX Nimitz Feeder FIC de FIM: Cotação e Indicadores | Expert XP,,Intrag DTVM,R$ 50 mil,PWC Auditores Independentes,CDI,Multimercado,,12.831.360/0001-14,,D+1,D+60,Itaú Unibanco S.A.,01/12/2010,,SPX Capital,D+1,,"Obter ganhos de capital através de operações nos mercados de juros, índices de preço, câmbio, ações, commodities e dívida, utilizando-se dos instrumentos disponíveis tanto nos mercados à vista quanto nos mercados de derivativos.",,"Os fundos operarão de forma significativa nos mercados financeiro e de capitais no Brasil, mas também atuarão nos mercados financeiro e de capitais no exterior. Em todos esses mercados os fundos poderão se utilizar, entre outros, de mecanismos de hedge, operações de arbitragem e estratégias ativas com derivativos para alcançar seus objetivos.",Investidores em Geral,,★★★★,,,,,,,,,,,,,,,,,,,11,"5,93 %",,,,"5,67 %",,,,,,,,,,,,,"0,70 %","2,30 %","20,00 %",,,
Ibiuna Hedge STH FIC FIM,https://conteudos.xpi.com.br/fundos-de-investimento/ibiuna-hedge-sth-fic-fim/,fundo_aberto,conteudos.xpi.com.br (Expert XP),2026-08-30T19:41:25.676096+00:00,requests_bs4_local,200,Ibiuna Hedge STH FIC FIM: Cotação e Indicadores | Expert XP,,BEM DTVM Ltda.,R$ 5 mil,PricewaterhouseCoopers,CDI,Multimercado,,15.799.713/0001-34,,D+0,D+30,Banco Bradesco S/A,30/11/2012,,Ibiuna Investimentos,D+1,,Ibiuna Hedge STH FIC FIM é um fundo multimercado com enfoque macro “top down” que objetiva proporcionar aos seus cotistas ganhos de capital no longo prazo.,,"O fundo busca oportunidades em estratégias globais, principalmente nos mercados de juros, moedas e renda variável, com alto grau de alavancagem, através de abordagem macro “top down”.",Investidores em geral,,★★★★★,,,,,,,,,,,,,,,,,,,11,"15,60 %",,,,"14,67 %",,,,,,,,,,,,,"1,96 %","1,96 %","20,00 %",,,
Constellation Institucional FIC FIA,https://conteudos.xpi.com.br/fundos-de-investimento/constellation-institucional-fic-fia/,fundo_aberto,conteudos.xpi.com.br (Expert XP),2026-08-30T19:41:28.865012+00:00,requests_bs4_local,200,Constellation Institucional FIC FIA: Cotação e Indicadores | Expert XP,,BNY Mellon Serviços Financeiros DTVM S.A.,R$ 5 mil,Deloitte Touche Tohmatsu Auditores Independentes,IBOV,Renda Variável,,16.948.298/0001-04,,D+1,D+60,BNY Mellon Banco SA,06/12/2012,,Constellation Asset Management,D+2,,O Constellation Institucional FIC FIA é um fundo de investimento que tem como objetivo obter retornos consistentes no longo prazo através do investimento em ações.,,"O fundo Constellation Institucional FIC FIA busca gerar retornos consistentes e superiores ao mercado, apoiando-se em um processo de investimento que envolve profundas análises individualizadas das empresas.",Investidores em Geral,,★★★★★,,,,,,,,,,,,,,,,,,,33,"14,78 %",,,,"14,94 %",,,,,,,,,,,,,"2,00 %","2,20 %","20,00 %",,,
Selection Acoes FIC FIA,https://conteudos.xpi.com.br/fundos-de-investimento/selection-acoes-fic-fia/,fundo_aberto,conteudos.xpi.com.br (Expert XP),2026-08-30T19:41:32.044595+00:00,requests_bs4_local,200,Selection Ações FIC FIA: Cotação e Indicadores | Expert XP,,XP Serviços Financeiros DTVM LTDA,R$ 100,KPMG,IBOVESPA,Renda Variável,Renda Variável Long Only,31.403.572/0001-45,,D+1,D+10,Modal,31/05/2019,,XP Advisory,D+3,R$ 100,"O FUNDO se classifica como um fundo de investimento em cotas de fundos da classe Ações, tendo como principal fator de risco a variação de preços de ações admitidas à negociação no mercado à vista de bolsas de valores ou entidades do mercado de balcão organizado. O FUNDO poderá aplicar os recursos integrantes de sua carteira em quaisquer ativos financeiros permitidos pela legislação aplicável, devendo-se observar, contudo, os limites de concentração e os riscos previstos neste Regulamento",,"A política de investimento do FUNDO consiste
em aplicar, no mínimo, 95% de seu patrimônio líquido em
cotas de fundos de investimento da classe ações, com o
objetivo de obter retornos superiores ao rendimento do
IBOVESPA, investindo primordialmente em ativos
financeiros.",Investidor em Geral,,★★★,,,,,,,,,,,,,,,,,,,28,"10,65%","13,83 %","26,65 %","35,40%","-1,54%","-0,15","-0,08","-0,25","-0,04","1,00","16,29%","14,77%","16,76%","24,17%","15,41%",R$ 100,,"1,00 %","2,00 %","20,00 %",Renda Variável - Alíquota de IR de 15% incidida sobre o lucro obtido no momento do resgate.,,
Itau Asset Rural FIAGRO FII (RURA11),https://conteudos.xpi.com.br/fundos-imobiliarios/itau-asset-rural-fiagro-fii-rura11/,fii,conteudos.xpi.com.br (Expert XP),2026-08-30T19:41:35.600692+00:00,requests_bs4_local,200,ITAÚ ASSET RURAL FIAGRO FII - RURA11: Dividendos e Cotação | Expert XP,,,,,,,,,,,,,,"16,62 %",,,,,,,,,,0%,0%,0%,0%,0%,0%,0%,0%,0%,0%,0%,0%,0%,0%,0%,0%,0%,0%,,,,,,,,,,,,,,,,,,Títulos e Valores Mobiliários,"1,00 %",,,,"R$ 0,11",
Vectis Datagro Credito Agronegocio FIAGRO FII (VCRA11),https://conteudos.xpi.com.br/fundos-imobiliarios/vectis-datagro-credito-agronegocio-fiagro-fii-vcra11/,fii,conteudos.xpi.com.br (Expert XP),2026-08-30T19:41:38.804504+00:00,requests_bs4_local,200,VECTIS DATAGRO CRÉDITO AGRONEGÓCIO FIAGRO FII - VCRA11: Dividendos e Cotação | Expert XP,,,,,,,,,,,,,,"21,36 %",,,,,,,,,,0%,0%,0%,0%,0%,0%,0%,0%,0%,0%,0%,0%,0%,0%,0%,0%,0%,0%,,,,,,,,,,,,,,,,,,Títulos e Valores Mobiliários,"1,30 %",,,,"R$ 0,75",
Canaa CRA Cocal FIAGRO RL Subclasse A,https://conteudos.xpi.com.br/fundos-de-investimento/canaa-cra-cocal-fiagro-rl-subclasse-a/,fundo_aberto,conteudos.xpi.com.br (Expert XP),2026-08-30T19:41:41.895465+00:00,requests_bs4_local,200,Fundo CRA Cocal Canaã RL - Subclasse A: Cotação e Indicadores | Expert XP,,Banco Genial,R$ 1 mil,KPMG,IPCA,Alternativo,Fundo Listado,45.123.558/0001-00,,D+0,D+0,Brasil Plural,03/01/2025,,Genial Investimentos,Fundo constituído sob a forma de condomínio fechado.,R$ 1 mil,"O objetivo da Classe I é a obtenção de renda e ganho de capital a serem auferidos mediante o investimento em ativos do agronegócio: 
 imóveis rurais, que serão objeto de aquisição, venda e arrendamento, em todo o território nacional, que não 
possuam irregularidades perante os órgãos ambientais de âmbito federal, estadual ou municipal, os quais serão 
adquiridos diretamente pela Classe I ou via participação em sociedades de propósito específico (“Ativos-Alvo 
Imóveis”); 
(ii) (a) certificados de recebíveis do agronegócio (“CRA”), emitidos por companhias securitizadoras, observados 
os limites de concentração previstos na regulamentação aplicável; (b) certificados de recebíveis imobiliários 
lastreados em créditos imobiliários das cadeias produtivas do agronegócio (“CRI”); (c) Letras de Crédito do 
Agronegócio (“LCA”); (d) Letras de Credito Imobiliário lastreadas em créditos das cadeias produtivas do 
agronegócio (“LCI”); (e) cotas de outros Fiagros-Imobiliário cuja política de investimento seja compatível com 
a desta Classe I; (f) cotas de outros fundos de investimento imobiliários, Fiagro ou fundos de investimento em 
direitos creditórios que apliquem mais de 50% (cinquenta por cento) do seu patrimônio nos ativos passíveis de 
aquisição pelos Fiagro-Imobiliário; (g) demais títulos e valores mobiliários que sejam ou venham a ser 
permitidos pela legislação ou regulamentação aplicável; e (h) ações ou quotas de sociedades que tenham por 
objeto social a administração de imóveis rurais próprios e que não se classifiquem nas sociedades de propósito 
específico descrito no item  acima (“Ativos-Alvo TVM” e, quando em conjunto com os Ativos-Alvo Imóveis, os 
“Ativos Alvo”); 
(iii) de maneira remanescente, por meio da aquisição, com a parcela restante do patrimônio líquido da Classe
I, de Ativos Financeiros (conforme abaixo definido), conforme disposto na Política de Investimentos.",,"O objetivo da Classe I é a obtenção de renda e ganho de capital a serem auferidos mediante o investimento em ativos do agronegócio: 
 imóveis rurais, que serão objeto de aquisição, venda e arrendamento, em todo o território nacional, que não 
possuam irregularidades perante os órgãos ambientais de âmbito federal, estadual ou municipal, os quais serão 
adquiridos diretamente pela Classe I ou via participação em sociedades de propósito específico (“Ativos-Alvo 
Imóveis”); 
(ii) (a) certificados de recebíveis do agronegócio (“CRA”), emitidos por companhias securitizadoras, observados 
os limites de concentração previstos na regulamentação aplicável; (b) certificados de recebíveis imobiliários 
lastreados em créditos imobiliários das cadeias produtivas do agronegócio (“CRI”); (c) Letras de Crédito do 
Agronegócio (“LCA”); (d) Letras de Credito Imobiliário lastreadas em créditos das cadeias produtivas do 
agronegócio (“LCI”); (e) cotas de outros Fiagros-Imobiliário cuja política de investimento seja compatível com 
a desta Classe I; (f) cotas de outros fundos de investimento imobiliários, Fiagro ou fundos de investimento em 
direitos creditórios que apliquem mais de 50% (cinquenta por cento) do seu patrimônio nos ativos passíveis de 
aquisição pelos Fiagro-Imobiliário; (g) demais títulos e valores mobiliários que sejam ou venham a ser 
permitidos pela legislação ou regulamentação aplicável; e (h) ações ou quotas de sociedades que tenham por 
objeto social a administração de imóveis rurais próprios e que não se classifiquem nas sociedades de propósito 
específico descrito no item  acima (“Ativos-Alvo TVM” e, quando em conjunto com os Ativos-Alvo Imóveis, os 
“Ativos Alvo”); 
(iii) de maneira remanescente, por meio da aquisição, com a parcela restante do patrimônio líquido da Classe
I, de Ativos Financeiros (conforme abaixo definido), conforme disposto na Política de Investimentos.",Investidor Qualificado,,,,,,,,,,,,,,,,,,,,,35,N/D,N/D,N/D,,N/D,,,,,,,,,,,R$ 0,,"0,10 %","0,10 %","0,00 %",FIAgro,,
VBI Prime Properties FII (PVBI11),https://conteudos.xpi.com.br/fundos-imobiliarios/vbi-prime-properties-fii-pvbi11/,fii,conteudos.xpi.com.br (Expert XP),2026-08-30T19:41:45.155529+00:00,requests_bs4_local,200,VBI PRIME PROPERTIES FII - PVBI11: Dividendos e Cotação | Expert XP,,,,,,,,,27.1 mi,,,,,"7,62 %",,,,,"1,47%",,Não Há Restrição,162.4 mil,,"3,64%","7,13%",0%,"0,66%","11,09%","0,22%","2,51%","-1,48%","0,02%","-1,66%","0,19%","0,06%","4,89%","9,67%",0%,"-2,76%","18,22%","1,08%",,,,,,,,,,,,,,,,,,Lajes Corporativas,"1,00 %",,,,"R$ 0,40",R$ 2.9 bi
Vinci Logistica FII (VILG11),https://conteudos.xpi.com.br/fundos-imobiliarios/vinci-logistica-fii-vilg11/,fii,conteudos.xpi.com.br (Expert XP),2026-08-30T19:41:48.701107+00:00,requests_bs4_local,200,VINCI LOGISTICA FII - VILG11: Dividendos e Cotação | Expert XP,,,,,,,,,15 mi,,,,,"10,01 %",,,,,"0,93%",,Não Há Restrição,143.1 mil,,"3,64%","7,13%",0%,"0,66%","11,09%","0,22%","6,69%","7,42%","-0,56%","-0,60%","18,10%","1,11%","4,89%","9,67%",0%,"-2,76%","18,22%","1,08%",,,,,,,,,,,,,,,,,,Imóveis Logísticos,"0,95 %",,,,"R$ 0,82",R$ 1.7 bi
XP Credito Imobiliario FII (XPCI11),https://conteudos.xpi.com.br/fundos-imobiliarios/xp-credito-imobiliario-xpci11/,fii,conteudos.xpi.com.br (Expert XP),2026-08-30T19:41:51.890281+00:00,requests_bs4_local,200,XP CRÉDITO IMOBILIÁRIO - XPCI11: Dividendos e Cotação | Expert XP,,,,,,,,,8.7 mi,,,,,"13,83 %",,,,,"0,52%",,Não Há Restrição,70.6 mil,,"3,64%","7,13%",0%,"0,66%","11,09%","0,22%","3,47%","7,04%","0,71%","0,44%","8,68%","0,79%","4,89%","9,67%",0%,"-2,76%","18,22%","1,08%",,,,,,,,,,,,,,,,,,Títulos e Valores Mobiliários,"1,00 %",,,,"R$ 0,93",R$ 768.5 mi
Capitania Securities II FII (CPTS11),https://conteudos.xpi.com.br/fundos-imobiliarios/capitania-securities-ii-fii-cpts11/,fii,conteudos.xpi.com.br (Expert XP),2026-08-30T19:41:55.101150+00:00,requests_bs4_local,200,CAPITÂNIA SECURITIES II FII - CPTS11: Dividendos e Cotação | Expert XP,,,,,,,,,328.6 mi,,,,,"14,41 %",,,,,"1,74%",,Geral,354.4 mil,,"3,64%","7,13%",0%,"0,66%","11,09%","0,22%","1,76%","2,45%","-0,26%","-1,83%","9,80%","-1,31%","4,89%","9,67%",0%,"-2,76%","18,22%","1,08%",,,,,,,,,,,,,,,,,,Títulos e Valores Mobiliários,"1,05 %",,,,"R$ 0,09",R$ 2.9 bi
XP Selection Fundo de Fundos FII (XPSF11),https://conteudos.xpi.com.br/fundos-imobiliarios/xp-selection-fundo-de-fundos-fii-xpsf11/,fii,conteudos.xpi.com.br (Expert XP),2026-08-30T19:41:58.265692+00:00,requests_bs4_local,200,XP SELECTION FUNDO DE FUNDOS FII - XPSF11: Dividendos e Cotação | Expert XP,,,,,,,,,43.3 mi,,,,,"13,59 %",,,,,"0,18%",,Não Há Restrição,57.9 mil,,"3,64%","7,13%",0%,"0,66%","11,09%","0,22%","0,98%","3,36%","-0,32%","-2,22%","-3,91%","-1,60%","4,89%","9,67%",0%,"-2,76%","18,22%","1,08%",,,,,,,,,,,,,,,,,,Títulos e Valores Mobiliários,"1,00 %",,,,"R$ 0,07",R$ 341.6 mi
Hedge Top FOFII 3 FII (HFOF11),https://conteudos.xpi.com.br/fundos-imobiliarios/hedge-top-fofii-3-fii-hfof11/,fii,conteudos.xpi.com.br (Expert XP),2026-08-30T19:42:01.321386+00:00,requests_bs4_local,200,HEDGE TOP FOFII 3 FII - HFOF11: Dividendos e Cotação | Expert XP,,,,,,,,,229.8 mi,,,,,"11,20 %",,,,,"1,00%",,Não Há Restrição,74.7 mil,,"3,64%","7,13%",0%,"0,66%","11,09%","0,22%","5,46%","11,53%","0,16%","0,48%","6,93%","0,81%","4,89%","9,67%",0%,"-2,76%","18,22%","1,08%",,,,,,,,,,,,,,,,,,Títulos e Valores Mobiliários,"0,60 %",,,,"R$ 0,06",R$ 1.7 bi
